radio,mcc,net,area,cell,unit,lon,lat,range,samples,changeable,created,updated,averageSignal
LTE,440,11,39937,188744196,80,132.7362347,33.8503527,0,15,1,1622895422,1711861624,
LTE,440,11,39937,188744200,249,132.7126694,33.8500604,0,18,1,1634869668,1711861625,
LTE,440,11,39937,188744201,67,132.7129796,33.8569879,0,14,1,1634898242,1711861625,
LTE,440,11,39937,188744450,42,132.7077039,33.8441182,0,15,1,1634869668,1714797923,
LTE,440,11,39937,188744452,369,132.7230134,33.8592377,0,6,1,1639047052,1711861625,
LTE,440,11,39937,188744454,10,132.7186455,33.8570748,0,11,1,1639047052,1711861625,
LTE,440,11,39937,188745474,160,132.7576658,33.8988185,0,30,1,1616296659,1711861621,
LTE,440,11,39937,188745479,162,132.7519577,33.8757629,0,2,1,1658571347,1711861621,
LTE,440,11,39937,188745480,16,132.7523827,33.8738653,0,6,1,1658539703,1711861621,
LTE,440,11,39937,188747011,307,132.7490419,33.8030411,0,2,1,1622805712,1715746967,
LTE,440,11,39937,188747522,166,132.7955152,33.8278242,0,16,1,1634959117,1714797923,
LTE,440,11,39937,188747530,315,132.7555299,33.8403976,0,9,1,1622806860,1711861620,
LTE,440,11,39937,188747532,289,132.7514364,33.8388415,0,5,1,1622806860,1711861620,
LTE,440,11,39937,188748545,98,132.7548747,33.8458398,0,7,1,1633172663,1711861624,
LTE,440,11,39937,188748546,207,132.7508291,33.8415164,0,11,1,1622805712,1711861624,
LTE,440,11,39937,188748547,88,132.7506744,33.8459428,0,31,1,1622895422,1711861624,
LTE,440,11,39937,188748551,273,132.7536439,33.8541582,0,10,1,1632048548,1711861623,
LTE,440,11,39937,188748552,145,132.7532373,33.8515311,0,10,1,1633172663,1711861623,
LTE,440,11,39937,188748554,372,132.7460188,33.8435123,0,29,1,1649327129,1711861624,
LTE,440,11,39937,188748556,173,132.7445666,33.8405952,0,3,1,1649327129,1711861624,
LTE,440,11,39937,188748801,148,132.7467607,33.8479107,0,8,1,1622895422,1711861624,
LTE,440,11,39937,188748803,255,132.7460913,33.8527498,0,7,1,1616296659,1711861624,
LTE,440,11,39937,188748804,205,132.7440475,33.8581664,0,1,1,1654253573,1711861623,
LTE,440,11,39937,188749057,312,132.7821587,33.8137460,0,1,1,1633245400,1715746967,
LTE,440,11,39937,188749061,219,132.7480316,33.7733088,0,6,1,1634961374,1714797923,
LTE,440,11,39937,188751106,25,132.7511732,33.8663881,0,4,1,1616296659,1711861623,
LTE,440,11,39937,188751107,260,132.7516630,33.8699788,0,11,1,1616296659,1711861623,
LTE,440,11,39937,188751109,113,132.7533637,33.8598768,0,9,1,1616296659,1711861623,
LTE,440,11,39937,188751113,139,132.7527319,33.8550770,0,1,1,1632048548,1711861623,
LTE,440,11,39937,188751114,96,132.7508563,33.8646310,0,6,1,1627691352,1711861624,
LTE,440,11,39937,188751115,227,132.7492223,33.8611135,0,28,1,1627691352,1711861624,
LTE,440,11,39937,188751116,379,132.7505257,33.8655432,0,3,1,1622895422,1711861623,
LTE,440,11,39937,188751617,110,132.7340331,33.8458742,0,3,1,1633172663,1711861624,
LTE,440,11,39937,188751618,87,132.6873474,33.7728481,0,7,1,1633172663,1715746973,
LTE,440,11,39937,188752391,368,132.7428396,33.8613002,0,5,1,1616296659,1711861624,
LTE,440,11,39937,188752392,333,132.7370410,33.8603950,0,5,1,1635603122,1711861624,
LTE,440,11,39937,188752393,37,132.7374564,33.8615410,0,6,1,1629552002,1711861624,
LTE,440,11,39937,188753153,184,133.5678733,33.9837700,0,4,1,1613988126,1715673757,
LTE,440,11,39937,188754693,153,132.7517689,33.8785680,0,12,1,1633172663,1711861621,
LTE,440,11,39937,188754694,70,132.7520669,33.8830082,0,13,1,1633172663,1711861621,
LTE,440,11,39937,188755204,154,132.7644187,33.8274193,0,1,1,1623500023,1711861620,
LTE,440,11,39937,188755205,365,132.7623926,33.8207520,0,7,1,1622277705,1711861620,
LTE,440,11,39937,188755206,54,132.7660042,33.8209524,0,15,1,1622805712,1711861620,
LTE,440,11,39937,188755211,81,132.7630233,33.8305222,0,12,1,1622805712,1711861620,
LTE,440,11,39937,188755212,62,132.7583050,33.8362642,0,10,1,1622805712,1711861620,
LTE,440,11,39937,188755723,242,132.6468940,33.7565864,0,2,1,1634957846,1715746969,
LTE,440,11,39937,188756737,244,132.9958673,34.0394385,0,85,1,1618483163,1715425850,
LTE,440,11,39937,188756738,377,132.9870395,34.0332123,0,29,1,1618566644,1714916776,
LTE,440,11,39937,188756739,351,132.9889237,34.0427093,0,34,1,1618483163,1715425850,
LTE,440,11,39937,188756740,211,133.0020257,34.0358076,0,65,1,1625889977,1715425850,
LTE,440,11,39937,188756741,203,132.9995597,34.0198872,0,10,1,1625889977,1714916775,
LTE,440,11,39937,188756742,195,132.9771028,34.0377203,0,20,1,1625889975,1714916776,
LTE,440,11,39937,188756743,62,132.9864555,34.0298909,0,61,1,1650448772,1714916776,
LTE,440,11,39937,188756744,54,132.9868590,34.0211195,0,26,1,1650534755,1714916776,
LTE,440,11,39937,188756745,151,132.9830700,34.0249866,0,2,1,1650534755,1714916776,
LTE,440,11,39937,188756996,111,133.5304410,33.9771529,0,3,1,1628216694,1715676759,
LTE,440,11,39937,188757761,101,132.9995428,34.0556883,0,17,1,1618022048,1715425851,
LTE,440,11,39937,188757762,271,133.0049266,34.0489421,0,16,1,1618022014,1714813431,
LTE,440,11,39937,188757763,216,132.9895511,34.0491483,0,40,1,1618022048,1715425851,
LTE,440,11,39937,188757764,334,133.0290806,34.0713692,0,20,1,1650013259,1714916780,
LTE,440,11,39937,188757765,236,133.0135810,34.0588909,0,22,1,1650013259,1714103734,
LTE,440,11,39937,188757766,363,133.0092145,34.0619267,0,1,1,1650013259,1714103734,
LTE,440,11,39937,188757767,143,133.0050472,34.0510858,0,9,1,1651057136,1714813432,
LTE,440,11,39937,188757768,268,133.0069856,34.0469879,0,8,1,1650967393,1714813432,
LTE,440,11,39937,188757770,175,133.0164266,34.0541258,0,39,1,1650448772,1714733922,
LTE,440,11,39937,188757771,222,133.0099288,34.0512938,0,8,1,1650448772,1714103734,
LTE,440,11,39937,188757772,53,133.0060710,34.0676350,0,22,1,1650448772,1714192927,
LTE,440,11,39937,188759553,72,133.3202860,33.9725753,0,3,1,1632648959,1714725582,
LTE,440,11,39937,188759554,311,133.3100495,34.0087866,0,2,1,1632648959,1714725582,
LTE,440,11,39937,188759555,313,133.2810653,34.0474660,0,12,1,1632648959,1714725582,
LTE,440,11,39937,188762625,19,132.9663942,34.0637434,0,4,1,1628590784,1714188187,
LTE,440,11,39937,188762626,74,132.9665995,34.0595136,0,2,1,1628756181,1714188187,
LTE,440,11,39937,188762627,174,132.9627720,34.0631613,0,14,1,1628590784,1714188187,
LTE,440,11,39937,188762628,309,132.9733097,34.0629359,0,18,1,1623839289,1714188187,
LTE,440,11,39937,188762629,190,132.9702034,34.0555003,0,10,1,1623839289,1714916776,
LTE,440,11,39937,188762630,29,132.9697925,34.0615435,0,8,1,1623839289,1714651253,
LTE,440,11,39937,188762631,265,132.9605289,34.0535343,0,51,1,1628590784,1714916777,
LTE,440,11,39937,188762632,158,132.9540869,34.0531890,0,11,1,1628590784,1714916776,
LTE,440,11,39937,188762633,156,132.9534114,34.0536598,0,3,1,1628590784,1714916776,
LTE,440,11,39937,188762634,299,132.9583869,34.0656255,0,15,1,1630751895,1714651252,
LTE,440,11,39937,188762635,229,132.9570002,34.0605839,0,59,1,1630751895,1714916777,
LTE,440,11,39937,188762636,348,132.9509245,34.0661057,0,12,1,1630751895,1714916777,
LTE,440,11,39937,188763905,256,132.9919756,34.0653371,0,43,1,1625739871,1715425851,
LTE,440,11,39937,188763906,296,132.9912009,34.0588599,0,4,1,1625045945,1714127816,
LTE,440,11,39937,188763907,327,132.9845491,34.0608856,0,33,1,1625739871,1714916775,
LTE,440,11,39937,188763908,223,132.9989010,34.0660989,0,21,1,1649286088,1714651254,
LTE,440,11,39937,188763909,251,132.9953804,34.0629635,0,52,1,1649324427,1715425851,
LTE,440,11,39937,188763910,63,132.9939335,34.0662919,0,37,1,1649324427,1715425851,
LTE,440,11,39937,188763911,32,133.0035512,34.0606203,0,13,1,1646261756,1714733923,
LTE,440,11,39937,188763912,9,132.9983055,34.0588432,0,47,1,1646268606,1715425851,
LTE,440,11,39937,188763913,34,132.9993136,34.0629649,0,31,1,1646261756,1715425851,
LTE,440,11,39937,188763914,214,133.0043117,34.0710510,0,10,1,1650619297,1714215705,
LTE,440,11,39937,188763915,185,133.0030865,34.0661195,0,17,1,1650619297,1714215705,
LTE,440,11,39937,188763916,93,132.9990401,34.0830926,0,40,1,1650619297,1714733922,
LTE,440,11,39937,188764417,329,133.0427626,33.8762570,0,32,1,1628205009,1715401254,
LTE,440,11,39937,188764418,130,133.0134239,33.8769841,0,55,1,1636278773,1714813437,
LTE,440,11,39937,188764419,321,133.0155907,33.8806224,0,16,1,1636278773,1714813437,
LTE,440,11,39937,188764420,257,133.0260747,33.8698797,0,42,1,1633776251,1715401254,
LTE,440,11,39937,188764421,129,133.0395430,33.8623008,0,32,1,1633245399,1715401256,
LTE,440,11,39937,188764422,211,133.0144976,33.8555826,0,82,1,1633245399,1715401256,
LTE,440,11,39937,188764423,274,133.0206440,33.8628614,0,14,1,1633776251,1715401256,
LTE,440,11,39937,188764424,315,133.0303925,33.8590992,0,66,1,1633776251,1715401256,
LTE,440,11,39937,188764425,293,133.0171438,33.8565437,0,259,1,1633776251,1715401256,
LTE,440,11,39938,188764426,258,132.1416531,33.4014020,0,3,1,1639047028,1714280349,
LTE,440,11,39937,188764932,307,132.9823531,34.0432315,0,64,1,1639738622,1714916776,
LTE,440,11,39937,188764933,161,132.9768213,34.0360961,0,95,1,1639738602,1714916776,
LTE,440,11,39937,188764934,66,132.9731536,34.0424501,0,75,1,1639782123,1714916776,
LTE,440,11,39937,188764935,189,132.9642577,34.0458315,0,136,1,1650621103,1715672711,
LTE,440,11,39937,188764936,64,132.9576711,34.0419771,0,5,1,1650621103,1714916776,
LTE,440,11,39937,188764938,345,132.9830375,34.0569531,0,101,1,1651141967,1714916775,
LTE,440,11,39937,188764939,121,132.9821337,34.0497197,0,15,1,1651141967,1714916775,
LTE,440,11,39937,188764940,50,132.9780506,34.0522795,0,15,1,1651141967,1714380527,
LTE,440,11,39937,188765697,44,132.9461439,34.0738925,0,7,1,1631363280,1714188188,
LTE,440,11,39937,188765698,247,132.9476706,34.0679078,0,35,1,1629552043,1714916777,
LTE,440,11,39937,188765699,12,132.9387894,34.0673794,0,25,1,1629552043,1714916777,
LTE,440,11,39937,188765700,323,132.9598524,34.0733423,0,29,1,1642589561,1714651252,
LTE,440,11,39937,188765701,183,132.9594318,34.0691397,0,27,1,1642589561,1714651252,
LTE,440,11,39937,188765702,184,132.9573799,34.0695566,0,21,1,1642589561,1714188188,
LTE,440,11,39937,188765703,51,132.9751047,34.0727142,0,4,1,1682167485,1714127816,
LTE,440,11,39937,188765704,362,132.9747866,34.0724197,0,28,1,1682167485,1714127816,
LTE,440,11,39937,188765705,325,132.9721810,34.0698335,0,7,1,1682167485,1714127816,
LTE,440,11,39938,188766468,258,132.2301625,33.4254717,0,4,1,1639047028,1714028133,
LTE,440,11,39938,188766469,26,132.2115458,33.4194634,0,17,1,1639047028,1714280354,
LTE,440,11,39937,188768513,312,132.9993121,34.0486853,0,11,1,1631616999,1715425850,
LTE,440,11,39937,188768515,131,132.9948307,34.0416720,0,36,1,1631616999,1715425850,
LTE,440,11,39937,188768516,318,133.0113014,34.0510362,0,9,1,1641549606,1714813432,
LTE,440,11,39937,188768517,331,133.0147948,34.0426534,0,22,1,1641607261,1715425850,
LTE,440,11,39937,188768518,281,133.0043854,34.0443638,0,42,1,1641549606,1715425850,
LTE,440,11,39937,188768519,303,132.9922814,34.0486433,0,27,1,1643343588,1715425850,
LTE,440,11,39937,188768520,10,132.9878027,34.0444400,0,24,1,1643278295,1715425850,
LTE,440,11,39937,188768521,206,132.9850597,34.0482601,0,47,1,1643343588,1714916776,
LTE,440,11,39937,188768522,235,132.9890854,34.0556258,0,25,1,1650625201,1714916775,
LTE,440,11,39937,188768523,36,132.9898860,34.0499954,0,12,1,1650625201,1714651253,
LTE,440,11,39937,188768524,179,132.9825486,34.0539411,0,43,1,1650625201,1714651253,
LTE,440,11,39937,188768769,35,132.9892834,34.0849472,0,12,1,1631616999,1715425851,
LTE,440,11,39937,188768770,342,132.9987428,34.0817423,0,55,1,1631616999,1715425851,
LTE,440,11,39937,188768771,4,132.9857956,34.0795807,0,24,1,1631616999,1714822505,
LTE,440,11,39937,188768772,242,132.9835023,34.0905783,0,5,1,1639563578,1714212115,
LTE,440,11,39937,188768773,132,132.9826149,34.0888756,0,31,1,1639563578,1714916781,
LTE,440,11,39937,188768774,169,132.9789844,34.0916555,0,59,1,1639563578,1714916781,
LTE,440,11,39937,188768775,49,132.9920631,34.0797374,0,82,1,1650412238,1715425851,
LTE,440,11,39937,188768776,326,132.9906010,34.0704242,0,143,1,1650448895,1715425851,
LTE,440,11,39937,188768777,240,132.9872828,34.0728366,0,50,1,1650448895,1714822505,
LTE,440,11,39937,188768778,92,132.9955946,34.1083769,0,57,1,1682247967,1714733922,
LTE,440,11,39937,188768779,106,133.0222842,34.0932036,0,4,1,1682247967,1714188190,
LTE,440,11,39937,188768780,228,132.9764781,34.1101220,0,116,1,1682167541,1714916780,
LTE,440,11,39937,188772103,9,132.7491118,33.8778181,0,7,1,1640263781,1711861621,
LTE,440,11,39937,188772106,231,132.8937616,34.0598643,0,40,1,1678795996,1714916778,
LTE,440,11,39938,188772865,240,132.6533271,33.3827603,0,2,1,1650192597,1714280369,
LTE,440,11,39938,188772866,241,132.6527339,33.3772881,0,40,1,1650192597,1714280369,
LTE,440,11,39938,188772867,242,132.6453884,33.3773584,0,47,1,1650192597,1714280369,
LTE,440,11,39937,188772871,3,132.5919452,33.6585345,0,339,1,1643531182,1715746974,
LTE,440,11,39937,188772872,52,132.5766642,33.6509874,0,103,1,1643531182,1715746974,
LTE,440,11,39938,188772873,265,132.6041540,33.3857640,0,50,1,1650351025,1714280370,
LTE,440,11,39938,188772875,266,132.5977252,33.3881356,0,86,1,1650351025,1714280370,
LTE,440,11,39937,188774407,364,133.1965107,34.2613676,0,92,1,1649495444,1714725583,
LTE,440,11,39937,188774408,240,133.1858551,34.2625325,0,18,1,1649495444,1714725583,
LTE,440,11,39937,188774409,251,133.1826605,34.2750128,0,54,1,1649495444,1714733916,
LTE,440,11,39937,188774916,247,133.1716993,34.2747142,0,9,1,1714725584,1714725584,
LTE,440,11,39937,188774917,156,133.1716558,34.2646233,0,40,1,1649495444,1714725584,
LTE,440,11,39937,188774918,161,133.1644627,34.2618366,0,42,1,1649495444,1714725584,
LTE,440,11,39937,188775171,64,133.4784987,33.9679945,0,6,1,1646456931,1714725572,
LTE,440,11,39937,188775175,173,132.9259234,34.0633628,0,90,1,1645353708,1714916779,
LTE,440,11,39937,188775176,202,132.9210829,34.0473791,0,59,1,1645353708,1714916779,
LTE,440,11,39937,188775177,321,132.9142186,34.0625596,0,46,1,1645353708,1714916779,
LTE,440,11,39937,188778497,98,132.9311211,34.0757479,0,14,1,1649414956,1714916779,
LTE,440,11,39937,188778498,318,132.9316608,34.0714013,0,8,1,1649414956,1714916779,
LTE,440,11,39937,188778499,121,132.9266316,34.0647039,0,32,1,1649414956,1714916779,
LTE,440,11,39937,188780033,238,133.0107023,34.0981693,0,125,1,1647644150,1714733922,
LTE,440,11,39937,188780034,48,133.0003888,34.0709068,0,28,1,1647644150,1714215705,
LTE,440,11,39937,188780035,329,132.9943907,34.0717174,0,22,1,1647689129,1714215705,
LTE,440,11,39937,188780036,10,132.9315464,34.1050807,0,6,1,1647604479,1714916780,
LTE,440,11,39937,188780037,248,132.8491381,34.0395385,0,11,1,1647604479,1714916780,
LTE,440,11,39937,188780038,114,132.9269935,34.1085280,0,29,1,1647604479,1714916780,
LTE,440,11,39937,188780042,115,132.7342496,33.8589811,0,2,1,1649939374,1711861624,
LTE,440,11,39937,188780043,288,132.7276244,33.8580168,0,11,1,1649932256,1711861624,
LTE,440,11,39937,188780044,185,132.7305229,33.8598693,0,9,1,1649939374,1711861624,
LTE,440,11,39937,188781828,327,132.9310926,34.0876583,0,28,1,1650625212,1714916780,
LTE,440,11,39937,188781829,349,132.9305586,34.0826718,0,17,1,1650625212,1714916779,
LTE,440,11,39937,188783361,14,133.1902184,34.2800729,0,78,1,1654724647,1714725584,
LTE,440,11,39937,188783362,87,133.1892738,34.2524669,0,6,1,1714725583,1714725583,
LTE,440,11,39937,188783363,310,133.1639101,34.2509191,0,28,1,1714725583,1714725583,
LTE,440,11,39938,188783880,43,132.3235557,33.3961488,0,37,1,1668240752,1714280355,
LTE,440,11,39937,188784389,346,132.7242163,33.8598718,0,9,1,1656657628,1711861624,
LTE,440,11,39938,188784391,311,132.0519919,33.3650867,0,25,1,1668240741,1714280353,
LTE,440,11,39937,188784646,314,132.7945444,33.8222370,0,4,1,1655981300,1714797923,
LTE,440,11,39937,188785153,316,132.7118323,33.8189415,0,18,1,1658654115,1711861625,
LTE,440,11,39937,188785154,260,132.7103281,33.8128615,0,3,1,1658654146,1711861625,
LTE,440,11,39937,188785156,356,132.7514680,33.8859115,0,6,1,1658571347,1711861621,
LTE,440,11,39937,188785160,376,132.6080684,33.8843349,0,4,1,1696198834,1715746968,
LTE,440,11,39938,188785666,315,132.5378580,33.5610600,0,17,1,1657706542,1714797920,
LTE,440,11,39938,188785667,280,132.5350990,33.5670644,0,47,1,1657706542,1714797921,
LTE,440,11,39938,188785669,183,132.5609809,33.5470956,0,40,1,1657706542,1714797920,
LTE,440,11,39938,188785670,248,132.5515309,33.5526184,0,63,1,1657706542,1714797920,
LTE,440,11,39938,188785922,31,132.5557944,33.5221540,0,17,1,1658061509,1711760391,
LTE,440,11,39938,188785927,364,132.5302931,33.5065692,0,3,1,1658061509,1714797930,
LTE,440,11,39938,188785930,348,132.5375645,33.5082555,0,13,1,1658061509,1714280372,
LTE,440,11,39938,188786177,219,132.5486330,33.5046316,0,21,1,1658061509,1714280372,
LTE,440,11,39938,188786178,118,132.5529861,33.5027260,0,13,1,1658061509,1714280372,
LTE,440,11,39938,188786181,264,132.5296958,33.5743366,0,50,1,1657706542,1714797920,
LTE,440,11,39938,188786182,266,132.5217244,33.5805196,0,63,1,1657706542,1714797921,
LTE,440,11,39938,188786183,5,132.5426920,33.4858126,0,20,1,1658298021,1714280371,
LTE,440,11,39938,188786184,355,132.5412687,33.4916031,0,114,1,1658298021,1714280371,
LTE,440,11,39938,188786433,227,132.5517671,33.5192403,0,24,1,1658061509,1711760391,
LTE,440,11,39938,188786434,226,132.5430273,33.5157011,0,18,1,1658061509,1714280372,
LTE,440,11,39938,188786436,195,132.6883286,33.4545862,0,78,1,1657706542,1714280365,
LTE,440,11,39938,188786437,196,132.6822849,33.4551252,0,89,1,1657706542,1714280366,
LTE,440,11,39938,188786442,310,132.5555629,33.5195155,0,11,1,1658061545,1711760391,
LTE,440,11,39938,188786945,237,132.5483026,33.4971928,0,37,1,1659771693,1714280372,
LTE,440,11,39938,188786947,238,132.5446148,33.4936646,0,14,1,1659771693,1714280371,
LTE,440,11,39937,188786948,224,133.0007770,34.2474799,0,55,1,1682860877,1714725574,
LTE,440,11,39937,188786949,282,132.9968415,34.2491866,0,18,1,1682860877,1714725574,
LTE,440,11,39937,188786950,190,132.9952846,34.2516574,0,36,1,1682860877,1714725574,
LTE,440,11,39937,188786954,210,132.7085857,33.6360085,0,52,1,1664340748,1714797928,
LTE,440,11,39937,188786955,43,132.7071235,33.6330928,0,54,1,1664340748,1714797928,
LTE,440,11,39937,188787201,18,133.0781941,34.2034890,0,8,1,1682270974,1714733920,
LTE,440,11,39937,188787202,134,133.0729190,34.1947629,0,299,1,1682270974,1714733920,
LTE,440,11,39937,188787203,157,133.0666671,34.2051056,0,252,1,1682270974,1714733920,
LTE,440,11,39937,188787204,275,133.1221855,34.1702707,0,36,1,1682271017,1714725572,
LTE,440,11,39937,188787205,222,133.0859410,34.1945568,0,103,1,1682271017,1714733921,
LTE,440,11,39937,188787206,370,133.0944592,34.2043399,0,2,1,1682860869,1714195459,
LTE,440,11,39937,188787207,75,133.0755285,34.1737925,0,57,1,1682860869,1714733920,
LTE,440,11,39937,188787208,44,133.0747277,34.1715999,0,2,1,1682860869,1714192929,
LTE,440,11,39937,188787209,10,133.0746446,34.1744571,0,42,1,1682271017,1714733921,
LTE,440,11,39937,188787210,63,133.0475141,34.2590887,0,159,1,1682860877,1714733918,
LTE,440,11,39937,188787211,322,133.0373339,34.2687999,0,76,1,1681141450,1714725576,
LTE,440,11,39937,188787457,56,133.0516230,34.2428207,0,91,1,1682860877,1714733919,
LTE,440,11,39937,188787458,244,133.0515480,34.2362852,0,206,1,1682860877,1714733920,
LTE,440,11,39937,188787459,360,133.0481386,34.2390263,0,2,1,1682860877,1714206988,
LTE,440,11,39938,188787460,149,132.6436880,33.3776924,0,23,1,1666149584,1714280369,
LTE,440,11,39938,188787461,147,132.6427351,33.3748112,0,19,1,1666149584,1714280369,
LTE,440,11,39938,188787462,148,132.6426121,33.3760874,0,10,1,1670409705,1714280369,
LTE,440,11,39938,188787463,105,132.6392269,33.3663974,0,81,1,1666149584,1714280369,
LTE,440,11,39938,188787465,106,132.6317810,33.3619865,0,59,1,1666149584,1714280369,
LTE,440,11,39937,188787466,307,133.0504830,34.2282823,0,117,1,1682860877,1714733919,
LTE,440,11,39937,188787467,276,133.0526165,34.2255914,0,50,1,1682860877,1714733919,
LTE,440,11,39937,188787468,107,133.0491436,34.2217352,0,26,1,1682860877,1714206993,
LTE,440,11,39938,188787713,325,132.1226303,33.3877215,0,89,1,1668240734,1714280353,
LTE,440,11,39938,188787714,347,132.1171300,33.3902992,0,172,1,1668240734,1715499756,
LTE,440,11,39937,188787715,144,132.9886105,34.2216923,0,24,1,1682860884,1714206991,
LTE,440,11,39937,188787716,143,132.9868460,34.2172473,0,2,1,1682860884,1714206991,
LTE,440,11,39937,188787717,291,132.9861116,34.2190895,0,17,1,1682860884,1714206991,
LTE,440,11,39937,188787718,233,133.1770647,34.2015084,0,18,1,1682270974,1714195460,
LTE,440,11,39937,188787719,163,133.1937210,34.1823257,0,3,1,1676184705,1714195459,
LTE,440,11,39937,188787720,77,133.1143392,34.2039857,0,18,1,1682270974,1714195459,
LTE,440,11,39937,188789505,278,133.1065799,34.2419003,0,35,1,1682271016,1714733917,
LTE,440,11,39937,188789506,184,133.0949820,34.2275363,0,8,1,1682271016,1714195462,
LTE,440,11,39937,188789507,21,133.0930393,34.2286494,0,13,1,1682271016,1714195462,
LTE,440,11,39937,188790273,152,133.1163986,34.2180521,0,15,1,1682271016,1714733917,
LTE,440,11,39937,188790274,211,133.1195334,34.2149058,0,26,1,1682270974,1714195460,
LTE,440,11,39937,188790275,105,133.1102614,34.2170581,0,49,1,1682270974,1714725578,
LTE,440,11,39937,188790276,19,133.0485933,34.2475269,0,57,1,1682860877,1714733919,
LTE,440,11,39937,188790277,51,133.0521586,34.2465811,0,70,1,1682860869,1714733919,
LTE,440,11,39937,188790278,170,133.0484024,34.2421502,0,4,1,1682271016,1714206988,
LTE,440,11,39937,188791307,109,133.5740140,33.9819147,0,5,1,1665830985,1714725572,
LTE,440,11,39937,188791815,52,132.9997456,34.2388317,0,30,1,1682860884,1714206990,
LTE,440,11,39937,188792321,370,133.0056672,34.2497489,0,48,1,1682860877,1714725574,
LTE,440,11,39937,188792322,61,133.0748643,34.2267888,0,123,1,1682860869,1714733918,
LTE,440,11,39937,188792323,171,132.9915353,34.2590950,0,74,1,1682860877,1714725574,
LTE,440,11,39938,188792839,166,132.3990956,33.4797912,0,21,1,1672664115,1714280361,
LTE,440,11,39938,188792842,226,132.3969773,33.4958922,0,3,1,1672664115,1714280343,
LTE,440,11,39938,188792844,92,132.3946610,33.4916783,0,64,1,1672664083,1714280357,
LTE,440,11,39938,188793092,124,132.3107203,33.4761764,0,123,1,1673343060,1714280356,
LTE,440,11,39938,188793093,81,132.3073290,33.4736800,0,2,1,1673343060,1714280356,
LTE,440,11,39938,188793094,302,132.3012969,33.4768646,0,110,1,1672664085,1714280356,
LTE,440,11,39938,188793355,217,132.3446798,33.4897686,0,25,1,1672664085,1714280356,
LTE,440,11,39938,188793601,35,132.3615787,33.4927655,0,79,1,1672664083,1714280357,
LTE,440,11,39938,188793602,33,132.3701310,33.4968878,0,46,1,1672664111,1714280357,
LTE,440,11,39938,188793603,253,132.3541896,33.4892423,0,51,1,1672664083,1714280357,
LTE,440,11,39938,188793604,255,132.3443248,33.4855188,0,85,1,1672664085,1714280357,
LTE,440,11,39937,188793864,217,132.7587662,33.8410680,0,5,1,1676789147,1711861620,
LTE,440,11,39937,188793866,2,133.2042232,34.2576446,0,34,1,1714725581,1714725582,
LTE,440,11,39937,188793867,108,133.1695996,34.1727154,0,52,1,1706076892,1714725582,
LTE,440,11,39937,188793868,22,133.1935647,34.2588995,0,17,1,1714725580,1714725583,
LTE,440,11,39937,188794369,299,132.7076962,33.7196200,0,7,1,1678796088,1714797924,
LTE,440,11,39937,188794370,175,132.7057725,33.7247494,0,23,1,1678796017,1714797924,
LTE,440,11,39937,188794378,329,132.7122486,33.7482998,0,22,1,1679302418,1714797924,
LTE,440,11,39937,188794379,207,132.7024346,33.7467539,0,18,1,1679302418,1714797924,
LTE,440,11,39937,188794628,223,132.6960944,33.7388229,0,21,1,1678796017,1714797922,
LTE,440,11,39937,188794629,221,132.6944901,33.7332048,0,6,1,1678796017,1714797924,
LTE,440,11,39937,188794630,78,132.6931594,33.7360213,0,1,1,1679302415,1715746967,
LTE,440,11,39937,188794631,237,132.7070699,33.7589257,0,11,1,1678796017,1711861619,
LTE,440,11,39937,188794632,340,132.7083235,33.7548943,0,33,1,1679302418,1714797924,
LTE,440,11,39937,188794633,93,132.7029128,33.7557486,0,1,1,1678796017,1715746967,
LTE,440,11,39938,188794634,5,132.6798272,33.6109135,0,313,1,1678796088,1714797930,
LTE,440,11,39937,188794881,109,132.6994377,33.6686011,0,45,1,1679302408,1714797927,
LTE,440,11,39937,188794884,1,132.7289896,33.6409281,0,71,1,1682842915,1714797928,
LTE,440,11,39937,188794885,6,132.7076439,33.7142064,0,24,1,1679302415,1714797925,
LTE,440,11,39937,188794886,295,132.7112489,33.7110329,0,53,1,1679302415,1714797925,
LTE,440,11,39937,188794887,277,132.7083580,33.7100539,0,29,1,1678796088,1714797925,
LTE,440,11,39937,188794888,226,132.7097048,33.7673949,0,19,1,1679748100,1711861619,
LTE,440,11,39937,188794889,245,132.7062958,33.7627986,0,6,1,1679748100,1711861619,
LTE,440,11,39937,188794890,349,132.7054614,33.7681564,0,3,1,1679748100,1711861619,
LTE,440,11,39937,188795138,18,132.5608394,33.6497255,0,179,1,1679302425,1715746974,
LTE,440,11,39937,188795140,86,132.7041728,33.7461661,0,41,1,1679302415,1714797924,
LTE,440,11,39937,188795142,46,132.6325611,33.6832701,0,10,1,1679302425,1715746972,
LTE,440,11,39937,188795143,354,132.6242595,33.6792426,0,96,1,1679302425,1715746973,
LTE,440,11,39938,188795144,244,132.6760194,33.5935225,0,5,1,1679302408,1714797930,
LTE,440,11,39938,188795145,243,132.6695772,33.5912938,0,65,1,1678796088,1714797930,
LTE,440,11,39938,188795146,245,132.6754788,33.5982867,0,21,1,1679302408,1714797929,
LTE,440,11,39938,188795393,25,132.6875638,33.6135233,0,76,1,1678796088,1714797929,
LTE,440,11,39938,188795394,26,132.6822082,33.6085678,0,77,1,1678796088,1714797929,
LTE,440,11,39937,188795660,3,132.7070465,33.7038408,0,4,1,1678796088,1714797925,
LTE,440,11,39937,188795905,13,132.6947728,33.7486599,0,47,1,1678796017,1714797923,
LTE,440,11,39937,188795907,60,133.1563191,34.2721379,0,38,1,1714725584,1714725584,
LTE,440,11,39937,188795908,230,133.1451745,34.2688400,0,5,1,1714725583,1714725584,
LTE,440,11,39937,188795909,124,133.1257138,34.2861724,0,16,1,1683989502,1714725584,
LTE,440,11,39937,188795910,231,133.1339440,34.1380227,0,20,1,1696198875,1714725583,
LTE,440,11,39937,188795911,173,133.1076214,34.2264292,0,29,1,1682860869,1714725583,
LTE,440,11,39937,188796164,103,132.6485110,33.6951589,0,84,1,1679302425,1715746973,
LTE,440,11,39937,188796165,95,132.6278982,33.6821814,0,58,1,1679302425,1715746973,
LTE,440,11,39937,188796423,263,132.9413973,34.0954600,0,13,1,1678795996,1714188189,
LTE,440,11,39937,188796424,261,132.9439808,34.0935728,0,5,1,1682167485,1714188189,
LTE,440,11,39937,188796425,352,132.9421847,34.0956911,0,32,1,1678795996,1714916780,
LTE,440,11,39937,188796426,87,132.9747601,34.1022116,0,42,1,1682167541,1714733922,
LTE,440,11,39937,188796427,25,132.9650138,34.0989517,0,33,1,1678795984,1714916780,
LTE,440,11,39937,188796428,161,132.9671737,34.1038933,0,35,1,1682167541,1714916780,
LTE,440,11,39937,188796675,215,132.9730991,34.1019205,0,48,1,1682167541,1714916780,
LTE,440,11,39937,188796676,5,132.9741533,34.0962884,0,76,1,1678795984,1714916781,
LTE,440,11,39937,188796677,138,132.9686636,34.0973157,0,5,1,1678795984,1714188190,
LTE,440,11,39937,188796678,22,132.9674704,34.1366323,0,75,1,1682167541,1714916780,
LTE,440,11,39937,188796679,374,132.9730686,34.1052373,0,28,1,1682167541,1714916780,
LTE,440,11,39937,188796680,201,132.9650338,34.1032832,0,19,1,1682167541,1714916780,
LTE,440,11,39937,188796681,355,132.9597430,34.1100776,0,7,1,1682167541,1714188189,
LTE,440,11,39937,188796682,231,132.9588142,34.1098620,0,6,1,1682167541,1714651251,
LTE,440,11,39937,188796683,140,132.9591179,34.1104871,0,18,1,1682167541,1714188189,
LTE,440,11,39937,188796929,214,132.9448398,34.1068927,0,5,1,1682167485,1714188189,
LTE,440,11,39937,188796930,213,132.9462532,34.1039203,0,19,1,1682167485,1714651251,
LTE,440,11,39937,188796931,158,132.9446706,34.1063659,0,19,1,1682167485,1714188189,
LTE,440,11,39937,188796932,1,132.9627929,34.1007650,0,54,1,1682167485,1714725570,
LTE,440,11,39937,188796933,324,132.9564418,34.0964623,0,43,1,1678795984,1714651251,
LTE,440,11,39937,188796934,326,132.9498713,34.0967096,0,23,1,1678795996,1714188189,
LTE,440,11,39937,188796935,377,132.9391298,34.1324876,0,17,1,1682167541,1714916780,
LTE,440,11,39937,188796936,367,132.9339352,34.1269294,0,39,1,1682167541,1714916780,
LTE,440,11,39937,188796937,148,132.9715411,34.1416836,0,78,1,1682167541,1714916780,
LTE,440,11,39937,188796938,210,132.9535545,34.1166312,0,40,1,1682167541,1714188189,
LTE,440,11,39937,188796939,80,132.9603845,34.1536053,0,33,1,1682167541,1714916780,
LTE,440,11,39937,188797185,246,133.3416217,33.9369518,0,2,1,1715422162,1715422162,
LTE,440,11,39937,188797186,1,133.3468561,33.9299817,0,35,1,1683677949,1715422162,
LTE,440,11,39937,188797187,86,133.2884266,33.9169119,0,34,1,1683678463,1715422162,
LTE,440,11,39937,188797188,31,133.3376263,33.9413335,0,53,1,1679117594,1715422163,
LTE,440,11,39937,188797189,167,133.3337443,33.9287023,0,38,1,1680168410,1715422162,
LTE,440,11,39937,188797190,171,133.3268888,33.9371542,0,37,1,1679117594,1715422163,
LTE,440,11,39937,188797194,149,133.2813912,33.9386371,0,44,1,1678795925,1715422164,
LTE,440,11,39937,188797195,190,133.2931262,33.9354145,0,51,1,1679117594,1714822502,
LTE,440,11,39937,188797196,321,133.2801909,33.9373358,0,26,1,1678795925,1714380537,
LTE,440,11,39937,188797442,289,133.2859942,33.9313940,0,26,1,1679117594,1715422161,
LTE,440,11,39937,188797443,135,133.2807519,33.9310705,0,29,1,1679117594,1715422161,
LTE,440,11,39937,188797444,153,133.2694633,33.9218739,0,22,1,1683678463,1715422160,
LTE,440,11,39937,188797445,335,133.2649087,33.9103348,0,4,1,1683677949,1715422159,
LTE,440,11,39937,188797446,55,133.2600851,33.9093015,0,69,1,1683677993,1715422161,
LTE,440,11,39937,188797447,70,133.2997590,33.9361650,0,45,1,1679117594,1715422163,
LTE,440,11,39937,188797448,137,133.3203540,33.9259718,0,15,1,1683677949,1714813446,
LTE,440,11,39937,188797449,294,133.2984580,33.9300090,0,15,1,1682532915,1714813446,
LTE,440,11,39937,188797450,263,133.3228988,33.9408808,0,48,1,1679117594,1715422163,
LTE,440,11,39937,188797451,288,133.3198821,33.9337842,0,48,1,1679117594,1715422163,
LTE,440,11,39937,188797452,181,133.3140438,33.9437469,0,20,1,1682532913,1714380536,
LTE,440,11,39937,188797699,375,133.2930749,33.9468573,0,11,1,1677792821,1715422164,
LTE,440,11,39937,188797700,84,133.2901826,33.9447761,0,13,1,1678795925,1715422163,
LTE,440,11,39937,188797701,308,133.2943703,33.9391329,0,49,1,1682532923,1715422163,
LTE,440,11,39937,188797702,49,133.2857232,33.9401608,0,2,1,1678795925,1715422163,
LTE,440,11,39937,188797703,93,133.3666094,33.9365952,0,10,1,1679117584,1714813447,
LTE,440,11,39937,188797704,124,133.3655179,33.9341900,0,10,1,1683677949,1714813447,
LTE,440,11,39937,188797705,155,133.3598437,33.9395530,0,16,1,1679117584,1714813447,
LTE,440,11,39937,188797706,94,133.3284116,33.9340718,0,17,1,1683989559,1715422162,
LTE,440,11,39937,188797707,219,133.3290864,33.9275923,0,36,1,1682532915,1715422162,
LTE,440,11,39937,188797708,212,133.3109923,33.9409875,0,18,1,1682532913,1715422162,
LTE,440,11,39937,188797953,131,133.2555434,33.9243026,0,121,1,1678795925,1715422161,
LTE,440,11,39937,188797954,336,133.2482412,33.9209913,0,53,1,1682579741,1715422161,
LTE,440,11,39937,188797955,43,133.2465468,33.9230031,0,53,1,1678795968,1715422161,
LTE,440,11,39937,188797956,258,133.2864119,33.9246230,0,12,1,1715422161,1715422161,
LTE,440,11,39937,188797957,38,133.3061911,33.9245818,0,59,1,1682532915,1715422162,
LTE,440,11,39937,188797958,13,133.2783949,33.9143767,0,7,1,1683677949,1715422161,
LTE,440,11,39937,188797959,159,133.2705026,33.9296256,0,45,1,1678795925,1715422161,
LTE,440,11,39937,188797960,260,133.2710272,33.9265556,0,10,1,1683989556,1714813445,
LTE,440,11,39937,188797961,148,133.2653687,33.9272952,0,138,1,1678795925,1715422161,
LTE,440,11,39937,188797962,268,133.3094586,33.9240411,0,39,1,1682532915,1715422162,
LTE,440,11,39937,188797963,120,133.3003488,33.9233884,0,39,1,1682532915,1715422162,
LTE,440,11,39937,188797964,269,133.2973689,33.9318841,0,17,1,1679117594,1714813446,
LTE,440,11,39937,188798212,325,133.3071977,33.9405607,0,17,1,1683989559,1714822501,
LTE,440,11,39937,188798213,192,133.3179462,33.9366935,0,59,1,1679117594,1715422163,
LTE,440,11,39937,188798214,227,133.3072619,33.9365812,0,55,1,1679117594,1715422163,
LTE,440,11,39937,188798215,97,132.9474131,34.0244303,0,41,1,1676719942,1714651253,
LTE,440,11,39937,188798216,6,132.9415430,34.0169499,0,17,1,1676719942,1714651253,
LTE,440,11,39937,188798217,137,132.9410807,34.0201581,0,8,1,1676719942,1714651252,
LTE,440,11,39937,188798465,347,132.8856764,34.0569402,0,4,1,1678795996,1714916778,
LTE,440,11,39937,188798466,85,132.8810888,34.0519502,0,16,1,1714916778,1714916778,
LTE,440,11,39937,188798467,138,132.8835048,34.0523966,0,13,1,1714916778,1714916778,
LTE,440,11,39937,188798468,242,132.9395248,34.0152105,0,15,1,1676719942,1714651253,
LTE,440,11,39937,188798469,322,132.9416471,34.0128332,0,9,1,1699691179,1714651252,
LTE,440,11,39937,188798470,321,132.9380030,34.0098582,0,27,1,1676719942,1714651252,
LTE,440,11,39937,188798471,86,132.8662339,34.0261795,0,16,1,1680971562,1714916779,
LTE,440,11,39937,188798472,117,132.8643627,34.0237997,0,4,1,1680971562,1714916779,
LTE,440,11,39937,188798473,319,132.8624665,34.0234892,0,23,1,1680971562,1714916779,
LTE,440,11,39937,188798726,362,132.8591440,34.0490973,0,27,1,1678795996,1714916778,
LTE,440,11,39937,188798727,124,132.8538594,34.0440179,0,8,1,1678795996,1714916778,
LTE,440,11,39937,188798728,176,132.8499260,34.0422735,0,30,1,1678795996,1714916778,
LTE,440,11,39937,188798730,177,132.8450592,34.0362519,0,46,1,1678795996,1714916779,
LTE,440,11,39937,188798731,94,132.8359502,34.0331051,0,6,1,1678795996,1714916778,
LTE,440,11,39937,188798977,221,132.8768638,34.0559451,0,21,1,1678795996,1714916778,
LTE,440,11,39937,188798978,274,132.8701302,34.0528980,0,18,1,1678795996,1714916778,
LTE,440,11,39937,188799241,73,132.9690218,34.0282541,0,61,1,1676705159,1714651253,
LTE,440,11,39937,188799242,231,132.9602532,34.0263621,0,61,1,1676705174,1714651253,
LTE,440,11,39937,188799489,232,132.8550556,34.0263449,0,18,1,1680971562,1714916779,
LTE,440,11,39937,188799490,191,132.8576494,34.0245070,0,35,1,1680971562,1714916779,
LTE,440,11,39937,188799491,351,132.8523014,34.0251716,0,6,1,1680971562,1714916779,
LTE,440,11,39937,188799492,107,132.9378088,34.0016891,0,11,1,1676719982,1714651252,
LTE,440,11,39938,188800006,199,132.5014405,33.5938910,0,77,1,1678855193,1715746966,
LTE,440,11,39938,188800007,224,132.4954743,33.5922257,0,183,1,1678855193,1715911626,
LTE,440,11,39938,188800008,42,132.4992515,33.5941942,0,6,1,1678855193,1715746966,
LTE,440,11,39938,188800261,47,132.4818847,33.6071552,0,30,1,1678855193,1715746966,
LTE,440,11,39938,188800262,105,132.4882298,33.6019800,0,95,1,1678855193,1715746966,
LTE,440,11,39938,188800263,335,132.4812524,33.6145697,0,15,1,1678855193,1715746975,
LTE,440,11,39938,188800264,241,132.4869685,33.6154769,0,245,1,1678855193,1715746975,
LTE,440,11,39938,188800265,234,132.4764187,33.6087456,0,22,1,1678855193,1715746975,
LTE,440,11,39938,188800517,375,132.4208791,33.3560733,0,11,1,1679652850,1714280349,
LTE,440,11,39938,188800773,73,132.3694788,33.4172022,0,4,1,1679652843,1714016762,
LTE,440,11,39938,188800774,79,132.3960552,33.3997604,0,30,1,1679652843,1714280345,
LTE,440,11,39938,188800775,378,132.2767376,33.4260468,0,195,1,1679652843,1714280356,
LTE,440,11,39937,188801033,53,132.8888008,33.7998902,0,6,1,1679295612,1714797923,
LTE,440,11,39937,188801539,241,132.7765032,34.0012726,0,7,1,1678796011,1714206992,
LTE,440,11,39937,188801545,150,132.7546410,33.9401229,0,3,1,1678796011,1714280344,
LTE,440,11,39937,188802312,122,133.4220811,33.9780690,0,7,1,1683989570,1714725582,
LTE,440,11,39937,188802564,79,133.0227148,34.0230524,0,57,1,1678795984,1714916775,
LTE,440,11,39937,188802565,56,133.0136202,34.0144523,0,9,1,1682177012,1715401251,
LTE,440,11,39937,188802566,33,133.0066653,34.0214998,0,73,1,1679828267,1715401251,
LTE,440,11,39937,188802567,70,133.0244400,34.0538460,0,37,1,1677507853,1714813432,
LTE,440,11,39937,188802568,45,133.0296181,34.0286516,0,10,1,1682247975,1714813432,
LTE,440,11,39937,188802569,257,133.0272137,34.0310638,0,15,1,1682247975,1714813432,
LTE,440,11,39937,188802570,29,133.0464336,33.9941608,0,111,1,1678795984,1715425850,
LTE,440,11,39937,188802571,139,133.0394359,34.0007285,0,106,1,1678795984,1715425850,
LTE,440,11,39937,188802817,237,133.0281324,34.0454537,0,22,1,1677507853,1715676758,
LTE,440,11,39937,188802818,205,133.0207637,34.0388715,0,3,1,1677507853,1714813432,
LTE,440,11,39937,188802819,368,133.0172152,34.0414004,0,19,1,1677507853,1715425850,
LTE,440,11,39937,188802820,89,133.0271904,34.0210010,0,72,1,1678795984,1714916775,
LTE,440,11,39937,188802821,232,133.0193556,34.0262047,0,22,1,1678795984,1715401251,
LTE,440,11,39937,188802822,333,133.0169228,34.0286273,0,20,1,1682177016,1714916775,
LTE,440,11,39937,188802823,346,133.0036087,34.0318807,0,94,1,1682177016,1715425851,
LTE,440,11,39937,188802824,125,133.0078938,34.0244389,0,64,1,1682177012,1715401251,
LTE,440,11,39937,188802825,294,132.9983570,34.0243122,0,31,1,1682247975,1715401250,
LTE,440,11,39937,188802826,104,133.0298684,34.0393364,0,28,1,1682177016,1715425850,
LTE,440,11,39937,188802827,72,133.0150932,34.0369329,0,24,1,1682177016,1714813432,
LTE,440,11,39937,188802828,280,133.0229267,34.0544399,0,75,1,1677507853,1715425850,
LTE,440,11,39937,188803073,37,133.0191979,34.0418524,0,23,1,1682177016,1714813432,
LTE,440,11,39937,188803074,356,133.0251358,34.0336480,0,7,1,1682247975,1714813432,
LTE,440,11,39937,188803075,18,133.0146654,34.0305198,0,21,1,1678795984,1714916775,
LTE,440,11,39937,188803076,113,133.0191047,33.9848514,0,42,1,1682177012,1715401251,
LTE,440,11,39937,188803077,81,133.0243618,33.9762689,0,29,1,1683989524,1715401251,
LTE,440,11,39937,188803078,322,133.0193550,33.9791082,0,14,1,1682177012,1714380529,
LTE,440,11,39937,188803079,253,133.0215480,33.9971165,0,28,1,1682177018,1715401251,
LTE,440,11,39937,188803080,53,133.0146945,33.9929102,0,17,1,1682177012,1715401251,
LTE,440,11,39937,188803081,150,133.0112565,34.0034103,0,78,1,1682177012,1715401251,
LTE,440,11,39937,188803082,0,133.0377181,34.0208601,0,41,1,1682247967,1715425850,
LTE,440,11,39937,188803083,136,133.0428446,34.0165630,0,2,1,1682247967,1714813433,
LTE,440,11,39937,188803084,20,133.0355799,34.0129888,0,117,1,1678795984,1715425850,
LTE,440,11,39937,188803329,304,133.0382893,34.0270336,0,37,1,1682247967,1715425850,
LTE,440,11,39937,188803330,252,133.0347750,34.0339371,0,27,1,1682247967,1715425850,
LTE,440,11,39937,188803331,237,133.0271635,34.0469165,0,34,1,1677507853,1715425850,
LTE,440,11,39937,188803332,142,133.0087535,34.0391724,0,43,1,1678795984,1715425851,
LTE,440,11,39937,188803333,345,133.0198994,34.0499226,0,35,1,1678717787,1715425850,
LTE,440,11,39937,188803334,97,133.1052242,33.9020957,0,51,1,1678795968,1715422154,
LTE,440,11,39937,188803335,256,133.1053704,33.8941066,0,9,1,1679295639,1714813441,
LTE,440,11,39937,188803336,227,133.0963335,33.8961258,0,63,1,1679117605,1715422154,
LTE,440,11,39937,188803337,146,133.2335741,33.9223476,0,11,1,1678795968,1715422159,
LTE,440,11,39937,188803338,144,133.2404256,33.9198554,0,63,1,1679117594,1715422159,
LTE,440,11,39937,188803339,142,133.2326512,33.9196929,0,82,1,1679117601,1715422159,
LTE,440,11,39937,188803585,352,133.2006761,33.9096411,0,5,1,1683989554,1714813443,
LTE,440,11,39937,188803586,284,133.1948801,33.9062151,0,20,1,1683677993,1714813443,
LTE,440,11,39937,188803587,348,133.1931724,33.9088874,0,25,1,1679117601,1714813443,
LTE,440,11,39937,188803588,281,133.1695776,33.8977040,0,18,1,1678795968,1714380534,
LTE,440,11,39937,188803589,34,133.1671916,33.8958239,0,3,1,1679117601,1714380534,
LTE,440,11,39937,188803590,42,133.1609435,33.8973911,0,56,1,1678795968,1715422155,
LTE,440,11,39937,188803591,288,133.1515427,33.9127433,0,7,1,1683989551,1715422155,
LTE,440,11,39937,188803592,68,133.1496507,33.8994478,0,64,1,1678795968,1715422155,
LTE,440,11,39937,188803593,265,133.1425369,33.9150074,0,109,1,1683678463,1715422165,
LTE,440,11,39937,188803594,100,133.1718983,33.8774893,0,18,1,1685526850,1714813443,
LTE,440,11,39937,188803595,219,133.1633833,33.8789262,0,48,1,1686649310,1714813443,
LTE,440,11,39937,188803841,138,133.1757447,33.9281305,0,23,1,1683989552,1715422159,
LTE,440,11,39937,188803842,337,133.1739291,33.9255865,0,69,1,1679295642,1715422165,
LTE,440,11,39937,188803843,353,133.1729700,33.9282108,0,13,1,1683678453,1715422156,
LTE,440,11,39937,188803844,182,133.2029466,33.9150065,0,41,1,1678795968,1714813444,
LTE,440,11,39937,188803845,31,133.2097249,33.9057643,0,4,1,1683677993,1714813443,
LTE,440,11,39937,188803846,165,133.1989162,33.9114168,0,30,1,1679117601,1714813443,
LTE,440,11,39937,188803847,274,133.1928309,33.8939629,0,23,1,1679295642,1715422165,
LTE,440,11,39937,188803848,20,133.1863944,33.8884951,0,55,1,1679295642,1714813443,
LTE,440,11,39937,188803849,366,133.2279545,33.9174471,0,29,1,1682579741,1715422159,
LTE,440,11,39937,188803850,350,133.2282108,33.9065905,0,3,1,1714813444,1714813444,
LTE,440,11,39937,188804097,36,133.2103905,33.9355651,0,6,1,1683989552,1715422158,
LTE,440,11,39937,188804098,347,133.2082948,33.9323167,0,40,1,1683989552,1715422159,
LTE,440,11,39937,188804099,19,133.2060379,33.9375084,0,41,1,1683989552,1715422165,
LTE,440,11,39937,188804100,24,133.1652341,33.9311464,0,43,1,1686403231,1715422156,
LTE,440,11,39937,188804101,289,133.1630599,33.9327607,0,2,1,1686403231,1715422156,
LTE,440,11,39937,188804102,83,133.1701318,33.9206062,0,27,1,1679295642,1715422156,
LTE,440,11,39937,188804103,215,133.1724498,33.9142663,0,21,1,1679295642,1715422156,
LTE,440,11,39937,188804104,325,133.1620503,33.9118779,0,49,1,1679295642,1715422156,
LTE,440,11,39937,188804105,180,133.0715771,33.8810823,0,49,1,1679117605,1715422153,
LTE,440,11,39937,188804106,174,133.0548345,33.8716876,0,37,1,1679117605,1715401257,
LTE,440,11,39937,188804107,91,133.0560783,33.8983949,0,15,1,1679295639,1715401253,
LTE,440,11,39937,188804353,3,133.1794814,33.9095957,0,19,1,1679295639,1715422155,
LTE,440,11,39937,188804354,208,133.1774665,33.9016044,0,24,1,1678795968,1715422155,
LTE,440,11,39937,188804355,185,133.1610219,33.9016280,0,51,1,1679295639,1715422155,
LTE,440,11,39937,188804357,320,133.1359180,33.8890860,0,34,1,1678795968,1715422154,
LTE,440,11,39937,188804358,295,133.1273146,33.8841990,0,3,1,1683677993,1714813441,
LTE,440,11,39937,188804359,17,133.1906401,33.9196205,0,10,1,1683989554,1715422157,
LTE,440,11,39937,188804360,157,133.1921173,33.9165240,0,24,1,1683678463,1715422158,
LTE,440,11,39937,188804361,321,133.1894051,33.9174814,0,17,1,1683989554,1715422157,
LTE,440,11,39937,188804610,298,133.0921889,33.8838062,0,6,1,1683677993,1714813440,
LTE,440,11,39937,188804611,179,133.0874194,33.8819511,0,9,1,1683677993,1714813440,
LTE,440,11,39937,188804612,195,133.1215827,33.9169767,0,53,1,1679295639,1715422165,
LTE,440,11,39937,188804613,259,133.1213813,33.8967309,0,61,1,1678795968,1715422154,
LTE,440,11,39937,188804614,140,133.1149973,33.8973419,0,59,1,1678795968,1715422154,
LTE,440,11,39937,188804618,193,133.1735698,33.8857285,0,11,1,1682300001,1714813443,
LTE,440,11,39937,188804619,98,133.1724801,33.8863025,0,20,1,1682300001,1714813443,
LTE,440,11,39937,188804620,231,133.1735594,33.8871927,0,2,1,1682340446,1714813443,
LTE,440,11,39937,188804865,123,133.1929492,33.9149148,0,27,1,1678795968,1715422159,
LTE,440,11,39937,188804866,143,133.1889181,33.9123268,0,22,1,1678795968,1715422158,
LTE,440,11,39937,188804867,127,133.1859449,33.9117936,0,34,1,1678795968,1715422158,
LTE,440,11,39937,188804868,263,133.1728551,33.9223617,0,17,1,1679295639,1715422156,
LTE,440,11,39937,188804869,232,133.1801869,33.9158101,0,21,1,1679295639,1715422157,
LTE,440,11,39937,188804870,120,133.1637937,33.9078017,0,21,1,1679295639,1715422156,
LTE,440,11,39937,188804871,292,133.1363414,33.8963977,0,45,1,1678795968,1715422155,
LTE,440,11,39937,188804872,362,133.1327990,33.8909424,0,18,1,1679295639,1714813441,
LTE,440,11,39937,188804873,276,133.1282271,33.8964561,0,63,1,1678795968,1715422154,
LTE,440,11,39937,188804874,8,133.1821288,33.9269981,0,48,1,1679295642,1715422165,
LTE,440,11,39937,188804875,379,133.1766983,33.9262956,0,30,1,1679295642,1715422157,
LTE,440,11,39937,188804876,207,133.1792920,33.9276144,0,18,1,1679295642,1715422165,
LTE,440,11,39937,188805121,168,133.2374562,33.9120477,0,26,1,1683677993,1714813444,
LTE,440,11,39937,188805122,61,133.2367286,33.9034610,0,8,1,1714813444,1714813444,
LTE,440,11,39937,188805123,89,133.1840567,33.9078481,0,23,1,1678795968,1714813443,
LTE,440,11,39937,188805124,49,133.1891004,33.8995880,0,23,1,1679295639,1714813443,
LTE,440,11,39937,188805125,227,133.1795902,33.9056429,0,14,1,1678795968,1714822503,
LTE,440,11,39937,188805126,188,133.2057413,33.9313103,0,14,1,1683989554,1715422158,
LTE,440,11,39937,188805127,257,133.2022189,33.9184522,0,13,1,1697614903,1715422158,
LTE,440,11,39937,188805128,370,133.1994406,33.9310711,0,12,1,1684298356,1715422158,
LTE,440,11,39937,188805129,369,133.1949416,33.9355143,0,95,1,1683989552,1715422165,
LTE,440,11,39937,188805130,66,133.1900878,33.9303411,0,63,1,1683989552,1715422165,
LTE,440,11,39937,188805131,368,133.1866549,33.9299884,0,20,1,1683989552,1715422165,
LTE,440,11,39937,188805377,213,133.2208845,33.9213647,0,54,1,1678795968,1715422159,
LTE,440,11,39937,188805378,332,133.2245047,33.9178603,0,56,1,1679117601,1714813445,
LTE,440,11,39937,188805379,196,133.2167735,33.9190047,0,36,1,1678795968,1715422158,
LTE,440,11,39937,188805380,199,133.2061691,33.9303073,0,32,1,1683989552,1715422165,
LTE,440,11,39937,188805381,357,133.2053716,33.9211233,0,9,1,1678795968,1715422159,
LTE,440,11,39937,188805382,104,133.2013916,33.9236122,0,16,1,1683989554,1715422158,
LTE,440,11,39937,188805383,79,133.1653875,33.9211772,0,58,1,1683989551,1715422165,
LTE,440,11,39937,188805384,6,133.1582947,33.9182407,0,55,1,1683989551,1715422165,
LTE,440,11,39937,188805385,56,133.1627271,33.9199903,0,17,1,1683989551,1715422165,
LTE,440,11,39937,188805386,140,132.7104262,33.6436950,0,54,1,1679302408,1714797928,
LTE,440,11,39937,188805634,283,133.1163632,33.8831364,0,68,1,1679304217,1714380533,
LTE,440,11,39937,188805635,272,133.1095598,33.8860731,0,22,1,1679304217,1714380533,
LTE,440,11,39937,188806919,125,133.0642480,34.1682129,0,3,1,1683989510,1714192928,
LTE,440,11,39937,188806920,40,133.0645212,34.1652062,0,47,1,1683989510,1714733921,
LTE,440,11,39937,188806921,123,133.0664827,34.1619188,0,7,1,1683989510,1714192928,
LTE,440,11,39937,188807175,203,133.0828950,33.8786705,0,116,1,1683677993,1715422153,
LTE,440,11,39937,188807176,279,133.0804388,33.8825162,0,145,1,1679293968,1715422153,
LTE,440,11,39937,188807689,339,132.7276584,33.8010919,0,18,1,1679384213,1711861620,
LTE,440,11,39937,188807947,69,132.6826636,33.7599883,0,50,1,1679302425,1715746973,
LTE,440,11,39937,188808194,230,132.7156583,33.7843712,0,4,1,1679384213,1711861619,
LTE,440,11,39937,188808195,88,132.6575439,33.7384933,0,5,1,1679545884,1715746968,
LTE,440,11,39937,188808197,160,132.7193548,33.7924958,0,16,1,1679384213,1711861620,
LTE,440,11,39937,188808199,351,132.7166619,33.7842158,0,9,1,1679451316,1711861620,
LTE,440,11,39937,188808200,56,132.7095524,33.7759785,0,29,1,1679302418,1715746973,
LTE,440,11,39937,188808201,220,132.7138619,33.7842945,0,5,1,1679748093,1711861619,
LTE,440,11,39937,188808204,85,132.7497148,33.7917900,0,3,1,1678796017,1715746968,
LTE,440,11,39937,188808449,83,132.7290723,33.7933744,0,1,1,1679384213,1711861620,
LTE,440,11,39937,188808451,337,132.7202394,33.7871309,0,41,1,1679384213,1715746969,
LTE,440,11,39937,188808453,331,132.7181705,33.7912902,0,9,1,1679302415,1714797923,
LTE,440,11,39937,188809990,248,132.7038707,33.6366809,0,177,1,1678796088,1714797929,
LTE,440,11,39937,188809993,285,133.2662440,33.9601450,0,103,1,1683989560,1715422164,
LTE,440,11,39937,188810248,349,133.2882597,33.9627017,0,6,1,1679944503,1715422160,
LTE,440,11,39937,188810249,114,133.2929390,33.9700652,0,3,1,1683989561,1714725582,
LTE,440,11,39937,188810250,217,133.2637186,33.9542674,0,7,1,1683989560,1714813447,
LTE,440,11,39937,188810251,206,133.2547754,33.9526025,0,103,1,1683989560,1715422165,
LTE,440,11,39937,188810252,195,133.2594303,33.9578947,0,3,1,1683989560,1714725572,
LTE,440,11,39937,188810500,242,133.2676621,33.9417920,0,13,1,1715422160,1715422160,
LTE,440,11,39937,188810501,282,133.2813579,33.9149669,0,2,1,1683677949,1715422160,
LTE,440,11,39937,188810502,25,133.2420244,33.9118930,0,22,1,1683677993,1715422160,
LTE,440,11,39937,188810506,82,133.2765735,33.9580591,0,21,1,1683989560,1715422164,
LTE,440,11,39937,188810507,113,133.2805347,33.9543060,0,35,1,1679944503,1715422164,
LTE,440,11,39937,188810508,204,133.2727774,33.9544921,0,65,1,1683989560,1715422164,
LTE,440,11,39937,188810755,189,133.3050329,33.9792636,0,2,1,1677354669,1714725571,
LTE,440,11,39937,188810762,310,133.2955660,33.9779777,0,6,1,1677354669,1715422160,
LTE,440,11,39938,188811013,205,132.5862482,33.5249979,0,2,1,1678855180,1714271203,
LTE,440,11,39938,188811015,35,132.5862234,33.5116105,0,18,1,1678855180,1714280362,
LTE,440,11,39938,188811016,33,132.5979126,33.5082609,0,72,1,1678855180,1714280362,
LTE,440,11,39938,188811018,322,132.5677450,33.5250873,0,3,1,1678796088,1711760391,
LTE,440,11,39938,188811265,41,132.6266458,33.5333563,0,53,1,1678796088,1714797933,
LTE,440,11,39938,188811266,40,132.6203567,33.5322178,0,4,1,1678796088,1714453912,
LTE,440,11,39938,188811267,19,132.5880667,33.5172567,0,3,1,1679918724,1714280361,
LTE,440,11,39938,188811268,20,132.5877247,33.5159655,0,20,1,1678855180,1714280362,
LTE,440,11,39938,188811269,18,132.5873347,33.5186089,0,33,1,1678855180,1714280362,
LTE,440,11,39938,188811270,226,132.5754909,33.5309243,0,36,1,1678855180,1714453913,
LTE,440,11,39938,188811273,272,132.6046204,33.5342232,0,114,1,1678796088,1714797933,
LTE,440,11,39938,188811274,211,132.5960429,33.5339846,0,30,1,1678796088,1714797920,
LTE,440,11,39938,188811275,212,132.5972125,33.5351663,0,26,1,1678855174,1714797933,
LTE,440,11,39938,188811521,158,132.5705963,33.5343089,0,43,1,1678796088,1714797920,
LTE,440,11,39938,188811522,157,132.5769707,33.5294522,0,9,1,1678855174,1715911621,
LTE,440,11,39938,188811523,156,132.5672950,33.5282733,0,23,1,1678796088,1711760390,
LTE,440,11,39938,188811524,154,132.5835924,33.5344081,0,29,1,1678796088,1714797933,
LTE,440,11,39938,188811525,155,132.5846322,33.5317947,0,9,1,1678855180,1714797920,
LTE,440,11,39938,188811526,153,132.5788649,33.5337500,0,22,1,1678796088,1714797920,
LTE,440,11,39937,188811527,41,133.0777676,33.9468273,0,93,1,1678795968,1715422167,
LTE,440,11,39937,188811528,150,133.0865314,33.9364043,0,42,1,1683678463,1715422166,
LTE,440,11,39937,188811529,67,133.0720722,33.9323462,0,3,1,1678795968,1714813435,
LTE,440,11,39937,188811530,328,133.0645650,33.8852988,0,18,1,1679117605,1715422153,
LTE,440,11,39937,188811531,377,133.0456990,33.8662254,0,64,1,1679117605,1715401256,
LTE,440,11,39937,188811532,33,133.0406034,33.8781982,0,31,1,1682300103,1715401254,
LTE,440,11,39937,188811777,372,133.0505654,33.9729039,0,17,1,1678795984,1714813434,
LTE,440,11,39937,188811778,14,133.0544839,33.9706194,0,44,1,1678795984,1715422167,
LTE,440,11,39937,188811779,109,133.0505066,33.9718260,0,6,1,1683989531,1714813434,
LTE,440,11,39937,188811780,47,133.0373243,33.9000533,0,98,1,1683989537,1714813436,
LTE,440,11,39937,188811781,234,133.0944098,33.9385589,0,8,1,1683989537,1715422167,
LTE,440,11,39937,188811782,308,133.0966707,33.9335914,0,114,1,1679304217,1715422166,
LTE,440,11,39937,188811783,324,133.0846144,33.9326071,0,36,1,1678795968,1715422166,
LTE,440,11,39937,188811784,162,133.0512302,33.9445279,0,19,1,1684306694,1715401252,
LTE,440,11,39937,188811785,358,133.0762047,33.9274570,0,52,1,1678795968,1715401253,
LTE,440,11,39937,188811786,57,133.0469481,33.9238787,0,131,1,1714380531,1714813435,
LTE,440,11,39937,188812033,371,133.0732355,33.9555282,0,21,1,1678795968,1714822504,
LTE,440,11,39937,188812034,156,133.0562150,33.9490776,0,35,1,1683989531,1715401252,
LTE,440,11,39937,188812035,127,133.0564003,33.9576184,0,32,1,1678795984,1715401252,
LTE,440,11,39937,188812036,237,133.0570368,33.9621618,0,38,1,1683989531,1714813435,
LTE,440,11,39937,188812037,205,133.0298756,33.9376853,0,8,1,1714813435,1714813435,
LTE,440,11,39937,188812038,300,133.0822209,33.9217723,0,18,1,1678795968,1715401253,
LTE,440,11,39937,188812039,270,133.0731323,33.9121590,0,39,1,1679294014,1715401253,
LTE,440,11,39937,188812040,323,133.0683167,33.9253790,0,23,1,1683989531,1715401253,
LTE,440,11,39937,188812041,121,133.0660793,33.9595068,0,44,1,1679560115,1715422167,
LTE,440,11,39937,188812042,65,133.0547393,33.9696253,0,109,1,1678795984,1715422167,
LTE,440,11,39937,188812289,95,133.0657740,33.9078772,0,8,1,1679294014,1715401253,
LTE,440,11,39937,188812290,291,133.0672619,33.8943343,0,40,1,1679293968,1715401253,
LTE,440,11,39937,188812291,190,133.0517112,33.9067855,0,144,1,1679294014,1715401253,
LTE,440,11,39937,188812292,255,133.1542659,33.8951820,0,42,1,1679117601,1715422155,
LTE,440,11,39937,188812293,7,133.1508047,33.8936582,0,6,1,1679295639,1715422154,
LTE,440,11,39937,188812294,341,133.1493265,33.8957306,0,27,1,1678795968,1715422154,
LTE,440,11,39937,188812295,187,133.0742469,33.9410590,0,7,1,1679560115,1715401253,
LTE,440,11,39937,188812296,192,133.0789185,33.9311600,0,19,1,1678795968,1715401253,
LTE,440,11,39937,188812297,107,133.0658180,33.9281433,0,21,1,1683989532,1715401253,
LTE,440,11,39937,188812298,356,133.0640456,33.9460687,0,26,1,1683989531,1715401252,
LTE,440,11,39937,188812299,231,133.0659939,33.9109327,0,38,1,1679304174,1715401252,
LTE,440,11,39937,188812300,4,133.0486524,33.9532377,0,109,1,1683989531,1715401252,
LTE,440,11,39937,188812545,32,133.1036950,33.9125950,0,52,1,1678795968,1715422165,
LTE,440,11,39937,188812546,322,133.0867547,33.8927110,0,57,1,1679117605,1715422153,
LTE,440,11,39937,188812547,162,133.0949500,33.9200525,0,16,1,1678795968,1714822504,
LTE,440,11,39937,188812548,367,133.1186459,33.9269949,0,21,1,1683989540,1715422166,
LTE,440,11,39937,188812549,273,133.1320910,33.9202450,0,31,1,1683989540,1715422165,
LTE,440,11,39937,188812550,80,133.1165004,33.9208285,0,61,1,1679304217,1715422165,
LTE,440,11,39938,188812801,241,132.7687264,33.3865186,0,4,1,1714271209,1714280367,
LTE,440,11,39938,188812802,242,132.7694381,33.3830373,0,101,1,1714271208,1714280367,
LTE,440,11,39937,188813060,37,132.9952307,34.2780093,0,34,1,1682860877,1714725575,
LTE,440,11,39937,188813061,279,132.9960673,34.2749710,0,5,1,1682860877,1714206990,
LTE,440,11,39937,188813062,134,132.9943213,34.2746520,0,45,1,1682860877,1714725575,
LTE,440,11,39938,188813313,177,132.2257202,33.4145813,0,251,1,1678879695,1714280354,
LTE,440,11,39937,188813571,69,133.3187037,33.9817224,0,6,1,1677354669,1714725572,
LTE,440,11,39937,188813832,109,132.7898894,33.7471511,0,1,1,1677732754,1715480186,
LTE,440,11,39937,188814340,246,132.7913510,33.7451694,0,7,1,1677732754,1715480186,
LTE,440,11,39938,188814594,164,132.6617932,33.5213482,0,4,1,1677915663,1714453912,
LTE,440,11,39938,188814597,173,132.6656209,33.5706795,0,46,1,1679302408,1714797932,
LTE,440,11,39938,188814598,216,132.6541141,33.5506943,0,15,1,1677915663,1714797933,
LTE,440,11,39938,188814599,200,132.6491748,33.5451974,0,16,1,1678796088,1714797933,
LTE,440,11,39938,188814849,151,132.6649435,33.5328623,0,4,1,1679302402,1714797919,
LTE,440,11,39938,188814850,263,132.6586976,33.5281582,0,18,1,1677915663,1714797919,
LTE,440,11,39938,188814851,54,132.6574111,33.5342234,0,85,1,1677915663,1714797919,
LTE,440,11,39938,188814855,299,132.6594295,33.5622652,0,23,1,1679302408,1714797918,
LTE,440,11,39938,188814856,297,132.6577791,33.5599441,0,15,1,1677915663,1714797932,
LTE,440,11,39938,188814857,298,132.6564909,33.5621131,0,44,1,1678796088,1714797918,
LTE,440,11,39938,188814858,135,132.6568149,33.5491744,0,22,1,1677915663,1714797918,
LTE,440,11,39938,188814859,136,132.6523407,33.5451035,0,17,1,1679302402,1714797933,
LTE,440,11,39938,188814860,137,132.6556118,33.5527285,0,86,1,1677915663,1714797933,
LTE,440,11,39937,188815109,291,132.7293290,33.8070934,0,12,1,1677301385,1711861620,
LTE,440,11,39937,188815365,297,132.7190838,33.8194557,0,17,1,1679836494,1715746970,
LTE,440,11,39937,188815367,93,132.7411258,33.8148813,0,7,1,1680196678,1711861620,
LTE,440,11,39937,188815368,368,132.7369971,33.8099920,0,20,1,1677301385,1711861620,
LTE,440,11,39937,188815620,51,132.7052265,33.8292975,0,3,1,1680972170,1711861625,
LTE,440,11,39937,188815621,217,132.6960342,33.8154054,0,2,1,1680972170,1715746970,
LTE,440,11,39937,188815624,79,132.7508871,33.8177724,0,19,1,1679295612,1714797923,
LTE,440,11,39937,188815875,25,132.7448266,33.8163299,0,8,1,1680196678,1711861620,
LTE,440,11,39937,188815876,159,132.7067713,33.8215726,0,3,1,1688630908,1711861625,
LTE,440,11,39937,188815877,205,132.6941610,33.7930071,0,10,1,1682067252,1715746971,
LTE,440,11,39937,188815879,116,132.7272780,33.8354703,0,22,1,1683715599,1715746968,
LTE,440,11,39937,188815882,306,132.7032590,33.8089218,0,2,1,1683715599,1715746971,
LTE,440,11,39937,188816129,24,132.7109862,33.8356438,0,9,1,1680972170,1711861625,
LTE,440,11,39937,188816130,209,132.7098339,33.8334840,0,9,1,1680972170,1711861625,
LTE,440,11,39937,188816131,43,132.7097598,33.8355331,0,8,1,1681098270,1711861625,
LTE,440,11,39937,188816134,325,132.7121991,33.8271406,0,22,1,1679836494,1711861625,
LTE,440,11,39937,188816392,14,132.5698164,33.6671091,0,25,1,1679302433,1715746969,
LTE,440,11,39937,188816394,71,132.5736904,33.6688291,0,8,1,1679302433,1715746974,
LTE,440,11,39937,188816897,13,133.0495980,34.0906526,0,7,1,1706076892,1714725571,
LTE,440,11,39937,188816898,293,133.0867246,34.1172132,0,12,1,1696198875,1714725571,
LTE,440,11,39937,188816899,99,133.0627784,34.1045250,0,10,1,1696198853,1714725571,
LTE,440,11,39937,188816900,371,133.0194722,34.1510171,0,23,1,1682860885,1714212114,
LTE,440,11,39937,188816901,217,132.9986129,34.1356671,0,21,1,1682167541,1714212114,
LTE,440,11,39937,188816902,129,132.9963117,34.1248616,0,274,1,1682247967,1714733922,
LTE,440,11,39937,188816903,34,133.0516499,34.1476329,0,22,1,1682860850,1714733921,
LTE,440,11,39937,188816904,315,133.0361172,34.1383450,0,31,1,1682860850,1714733921,
LTE,440,11,39937,188816905,8,133.0208938,34.1689384,0,105,1,1682860850,1714212114,
LTE,440,11,39937,188817153,147,133.0561211,34.1496980,0,28,1,1682860850,1714733921,
LTE,440,11,39937,188817154,209,133.0592640,34.1454357,0,11,1,1682860850,1714733921,
LTE,440,11,39937,188817155,328,133.0511617,34.1465712,0,24,1,1682860850,1714733921,
LTE,440,11,39937,188817156,165,133.0492638,34.1472698,0,40,1,1682860850,1714733921,
LTE,440,11,39937,188817157,376,133.0381445,34.1345331,0,84,1,1682860850,1714733921,
LTE,440,11,39937,188817158,47,133.0365951,34.1483097,0,49,1,1682860850,1714212114,
LTE,440,11,39938,188817161,224,132.4212804,33.4573170,0,33,1,1678796095,1714280355,
LTE,440,11,39937,188817162,90,132.6506140,33.6840726,0,25,1,1679302425,1715746973,
LTE,440,11,39937,188817409,60,133.3512380,33.9423016,0,74,1,1679117594,1715422163,
LTE,440,11,39937,188817411,9,132.7101184,33.6440148,0,141,1,1679302408,1714797928,
LTE,440,11,39938,188817413,11,132.6354691,33.5384450,0,29,1,1678796088,1714797919,
LTE,440,11,39938,188817670,321,132.4414858,33.4481045,0,122,1,1679475914,1715499756,
LTE,440,11,39938,188817923,236,132.6879565,33.6147943,0,7,1,1682580149,1714797929,
LTE,440,11,39938,188818181,90,132.6801123,33.6088389,0,7,1,1679748106,1714453909,
LTE,440,11,39938,188818182,13,132.6790166,33.6035292,0,73,1,1678796088,1714797929,
LTE,440,11,39938,188818436,228,132.6784767,33.6147676,0,56,1,1682580149,1714797929,
LTE,440,11,39937,188818945,148,133.0089194,33.9779386,0,28,1,1682177012,1714380528,
LTE,440,11,39937,188818948,296,132.6554016,33.6840407,0,20,1,1682067258,1715746973,
LTE,440,11,39937,188819201,244,133.1829618,33.9166106,0,11,1,1686550189,1715422157,
LTE,440,11,39937,188819202,363,133.1843268,33.9111592,0,22,1,1683677993,1715422158,
LTE,440,11,39937,188819203,296,133.1648613,33.9110385,0,19,1,1683989551,1715422158,
LTE,440,11,39938,188819458,161,132.7157301,33.5741949,0,13,1,1681976881,1714797931,
LTE,440,11,39938,188819460,159,132.7126067,33.5733428,0,33,1,1681976881,1714797932,
LTE,440,11,39937,188819461,361,132.6198685,33.6764256,0,30,1,1682067252,1715746973,
LTE,440,11,39937,188819462,203,132.6190900,33.6748750,0,1,1,1682067252,1715746971,
LTE,440,11,39937,188819463,184,132.6177683,33.6761977,0,21,1,1681976756,1715746973,
LTE,440,11,39938,188819969,214,132.6677970,33.5725518,0,70,1,1681976793,1714797932,
LTE,440,11,39938,188820225,86,132.5390480,33.5104626,0,1,1,1681639301,1714271213,
LTE,440,11,39938,188820230,82,132.5530654,33.5597898,0,6,1,1681731499,1714453913,
LTE,440,11,39938,188820481,291,132.4205188,33.4948561,0,97,1,1682934386,1714280360,
LTE,440,11,39938,188820482,293,132.4154764,33.4919477,0,34,1,1682934386,1714280357,
LTE,440,11,39938,188822017,20,132.3678490,33.4757261,0,1,1,1688306816,1714280344,
LTE,440,11,39938,188822019,94,132.3704829,33.4747988,0,8,1,1688306825,1714280356,
LTE,440,11,39937,188822023,53,132.9027797,34.0472750,0,69,1,1698487826,1714916779,
LTE,440,11,39937,188822024,177,133.0318218,33.9681373,0,31,1,1714380529,1715401251,
LTE,440,11,39937,188822025,119,133.0292853,33.9643866,0,44,1,1714380529,1714380530,
LTE,440,11,39937,188822026,344,133.0220222,33.9785924,0,51,1,1714380528,1715401251,
LTE,440,11,39937,188822277,98,133.2487331,33.9110863,0,40,1,1690093215,1715422161,
LTE,440,11,39937,188822278,73,133.2381565,33.9119660,0,5,1,1690093215,1715422161,
LTE,440,11,39937,188822279,233,133.2818048,33.9151172,0,30,1,1690093215,1714813445,
LTE,440,11,39937,188822280,169,133.2707966,33.9125889,0,75,1,1690093215,1715422167,
LTE,440,11,39937,188822530,191,133.0520654,33.8969912,0,75,1,1714380531,1715401253,
LTE,440,11,39937,188822531,141,133.0649392,33.8719977,0,31,1,1703812313,1715401253,
LTE,440,11,39937,188822532,1,133.0442271,33.8857946,0,19,1,1714813436,1715401253,
LTE,440,11,39937,188822786,229,133.0423752,34.1306760,0,73,1,1695027020,1714733921,
LTE,440,11,39937,188822787,278,133.0315574,34.1298067,0,90,1,1695027020,1714733921,
LTE,440,11,39938,188822791,72,132.4453353,33.4439969,0,6,1,1689323575,1714280354,
LTE,440,11,39937,188823044,194,133.2405188,33.9124769,0,32,1,1693828788,1715422159,
LTE,440,11,39938,188823045,80,132.5634001,33.5276490,0,32,1,1689851526,1714280372,
LTE,440,11,39938,188823046,78,132.5648948,33.5227568,0,13,1,1689851526,1711760390,
LTE,440,11,39938,188823047,79,132.5583902,33.5248385,0,67,1,1689851526,1714280372,
LTE,440,11,39938,188823298,138,132.5488430,33.5170786,0,55,1,1692532912,1714280372,
LTE,440,11,39938,188823299,139,132.5476210,33.5144244,0,3,1,1692608262,1714271213,
LTE,440,11,39938,188823300,140,132.5436089,33.5130168,0,69,1,1692532912,1714280372,
LTE,440,11,39937,188823302,94,132.6826764,33.7227448,0,23,1,1692532866,1714797923,
LTE,440,11,39937,188823809,111,133.3591018,33.9324816,0,14,1,1693828788,1714813447,
LTE,440,11,39937,188823810,71,133.3543205,33.9319025,0,5,1,1700096350,1714813447,
LTE,440,11,39937,188824066,41,132.6725401,33.6412712,0,16,1,1693988949,1714797916,
LTE,440,11,39938,188824067,306,132.7509798,33.4967581,0,101,1,1714271205,1714280364,
LTE,440,11,39938,188824068,60,132.6629926,33.5779286,0,48,1,1714453911,1714797918,
LTE,440,11,39938,188824321,192,132.6262739,33.5015324,0,56,1,1695804617,1714280362,
LTE,440,11,39938,188824322,194,132.6190773,33.5030991,0,24,1,1695804617,1714280362,
LTE,440,11,39938,188824323,193,132.6168006,33.5049229,0,34,1,1695804617,1715911621,
LTE,440,11,39937,188824325,318,132.7487924,33.6560278,0,96,1,1699427236,1714797928,
LTE,440,11,39937,188824326,336,132.6691649,33.6339970,0,44,1,1693988949,1714797916,
LTE,440,11,39937,188824578,51,133.0250344,33.8562770,0,27,1,1700096342,1715401257,
LTE,440,11,39937,188824579,82,133.0138010,33.8538258,0,44,1,1700096342,1715401256,
LTE,440,11,39937,188825095,316,132.9850338,34.2810902,0,3,1,1714725574,1714725574,
LTE,440,11,39937,188825096,135,132.9859999,34.2746359,0,82,1,1714206990,1714725575,
LTE,440,11,39937,188825097,209,132.9836534,34.2819141,0,17,1,1714725574,1714725575,
LTE,440,11,39937,188825345,44,133.0738638,33.9585450,0,26,1,1700579050,1715676759,
LTE,440,11,39937,188825346,28,133.0575279,33.9580743,0,43,1,1714813434,1714813434,
LTE,440,11,39937,188825347,11,133.0528756,33.9677724,0,22,1,1697614910,1714813434,
LTE,440,11,39937,188825348,102,133.0495238,33.8613374,0,113,1,1700096342,1715401257,
LTE,440,11,39937,188825349,262,133.0359723,33.8563318,0,102,1,1700096342,1715401256,
LTE,440,11,39938,188825602,150,132.6994333,33.5673652,0,36,1,1699427258,1714797932,
LTE,440,11,39938,188825604,294,132.7223471,33.5567824,0,55,1,1699509770,1714797931,
LTE,440,11,39937,188825857,350,133.1309957,34.1360280,0,19,1,1706076892,1714725572,
LTE,440,11,39937,188826114,213,132.7024659,33.6719062,0,160,1,1699509788,1714797914,
LTE,440,11,39938,188826115,93,132.6664749,33.5783895,0,23,1,1700096304,1714797918,
LTE,440,11,39938,188826116,256,132.6665975,33.5738231,0,58,1,1700096304,1714797918,
LTE,440,11,39938,188826117,303,132.7154848,33.4143473,0,49,1,1699509727,1714280366,
LTE,440,11,39937,188826625,168,132.6932514,33.6833407,0,204,1,1700096305,1714797913,
LTE,440,11,39937,188826626,212,132.6631331,33.6811935,0,203,1,1700119412,1715746973,
LTE,440,11,39938,188826881,309,132.6414913,33.5372023,0,46,1,1700096299,1714797933,
LTE,440,11,39938,188826882,292,132.6377259,33.5341422,0,19,1,1700119423,1714797919,
LTE,440,11,39938,188826883,56,132.6356302,33.5354904,0,35,1,1700096299,1714797933,
LTE,440,11,39938,188826886,86,132.4013226,33.4085089,0,3,1,1702454556,1714280344,
LTE,440,11,39938,188826888,286,132.3979379,33.4071222,0,42,1,1702454556,1714280355,
LTE,440,11,39937,188827140,358,132.6941278,33.7337614,0,39,1,1702112167,1714797924,
LTE,440,11,39937,188827393,356,132.7190154,33.7467854,0,61,1,1702535915,1714797924,
LTE,440,11,39937,188827394,22,132.7081981,33.7442137,0,40,1,1702112167,1714797924,
LTE,440,11,39938,188827395,169,132.0531781,33.3730021,0,36,1,1714016770,1714280352,
LTE,440,11,39938,188827396,359,132.0519358,33.3722571,0,6,1,1714016770,1714280352,
LTE,440,11,39937,188827650,139,132.7716679,33.9394257,0,1,1,1705398801,1715911621,
LTE,440,11,39938,188827906,192,132.5245612,33.6338609,0,103,1,1707444816,1715746974,
LTE,440,11,39938,188827908,346,132.5187257,33.6309745,0,136,1,1707444816,1715746974,
LTE,440,11,39938,188827909,201,133.0030665,33.6347102,0,34,1,1715354849,1715354849,
LTE,440,11,39938,189981441,402,132.4672470,33.5581732,0,723,1,1714797934,1715911625,
LTE,440,11,39937,189990657,265,132.5802034,33.6526234,0,11,1,1715746967,1715746971,
LTE,440,11,39937,189991169,279,132.9555497,34.2047993,0,6,1,1714206991,1714206991,
LTE,440,11,39937,189991425,373,132.8123976,34.0197661,0,43,1,1696061368,1714206992,
LTE,440,11,39938,189992193,27,132.3992866,33.4860234,0,18,1,1702883075,1714280357,
LTE,440,11,39938,189992449,58,132.3982998,33.4873853,0,12,1,1702883075,1714280357,
LTE,440,11,39938,189992705,213,132.3968886,33.4889227,0,28,1,1702883075,1714280357,
LTE,440,11,39938,189993985,267,132.2783604,33.4720658,0,127,1,1714016760,1714280346,
LTE,440,11,39938,189994241,49,132.2779189,33.4719169,0,77,1,1714016760,1714280346,
LTE,440,11,39938,189994497,54,132.5907804,33.4133245,0,127,1,1714271212,1714280370,
LTE,440,11,39937,189994753,240,132.5738114,33.6432568,0,54,1,1715746969,1715746970,
LTE,440,11,39937,189995009,306,132.7440577,33.6849529,0,88,1,1714797926,1714797927,
LTE,440,11,39938,189995265,387,132.0814615,33.3893348,0,2,1,1714280352,1714280352,
LTE,440,11,39938,189995521,394,132.0788375,33.3862480,0,79,1,1714016769,1714280352,
LTE,440,11,39938,189995777,380,132.0813114,33.3892544,0,3,1,1714016769,1714280351,
LTE,440,11,39938,189996033,387,132.4405061,33.5130845,0,581,1,1714028136,1714280361,
LTE,440,11,39938,189996801,384,132.6596470,33.4809436,0,317,1,1714271203,1714280363,
LTE,440,11,39937,189997825,78,132.9910302,33.8400749,0,28,1,1715401256,1715401256,
LTE,440,11,39937,189998081,214,132.9932233,33.8411844,0,5,1,1715401256,1715401256,
LTE,440,11,39938,189998593,270,132.7720494,33.3704429,0,131,1,1714271209,1714280367,
LTE,440,11,39938,190001921,285,132.4591887,33.5119548,0,96,1,1714028137,1714280359,
LTE,440,11,39937,190004993,1,133.0400734,33.8353417,0,42,1,1679310326,1714813439,
LTE,440,11,39938,190009345,1,133.0846214,33.6747564,0,43,1,1715354848,1715354848,
LTE,440,11,39937,190017025,103,132.9639275,34.2186605,0,34,1,1682860884,1714206991,
LTE,440,11,39937,190017281,104,132.9596035,34.2187354,0,20,1,1682860884,1714206991,
LTE,440,11,39937,190017537,102,132.9610495,34.2195227,0,5,1,1682860884,1714206991,
LTE,440,11,39937,190019073,2,133.0486805,33.8322449,0,18,1,1679310326,1714813439,
LTE,440,11,39938,190021633,205,132.4127765,33.4855516,0,24,1,1689323582,1714280357,
LTE,440,11,39938,190021889,206,132.4089532,33.4855491,0,40,1,1689323582,1714280357,
